{
  "Tripoli Giornaliero": {
    "area": [
      [42.76086, 11.11087],
      [42.76147, 11.11276],
      [42.76044, 11.11406],
      [42.75955, 11.11209]
    ],
    "centroid": [42.76090, 11.11220]
  },
  "Esperanto Settimanale - Giovedì": {
    "area": [
      [42.76017, 11.11426],
      [42.76068, 11.11537],
      [42.76005, 11.11593],
      [42.75958, 11.11487]
    ],
    "centroid": [42.76020, 11.11520]
  }
}

